B. ID,L0,L1,L2,L3,L4,L5,L6,L7,L8
1000,0,1,1,1,1,1,1,1,0
1001,1,1,0,0,0,0,1,0,1
100,0,1,1,0,1,1,1,1,0
1006,0,1,1,0,1,1,1,0,0
1010,1,0,0,0,0,0,1,0,1
101,0,1,1,1,1,1,1,0,0
1011,0,0,1,1,0,1,1,0,0
1012,0,1,1,1,0,1,1,0,0
1014,0,1,1,0,1,1,1,0,0
1015,0,1,0,0,0,1,1,1,0
1017,0,0,0,0,0,1,1,0,1
1022,1,0,1,1,0,1,0,0,1
1024,1,1,1,1,1,1,1,0,0
1026,0,1,1,0,1,1,1,1,0
1029,0,1,1,1,0,1,1,1,0
1030,1,0,0,1,0,1,0,0,1
103,0,1,1,1,1,1,1,1,0
1031,0,0,0,0,0,0,1,0,1
1032,0,1,1,1,0,1,1,1,0
1035,0,0,0,0,0,1,1,0,1
1036,0,1,1,0,1,1,1,1,0
1038,0,1,1,0,1,1,1,1,0
1039,1,0,0,0,0,0,0,0,1
1040,1,0,1,0,0,0,1,1,1
1041,1,0,0,0,0,0,0,0,1
1043,1,0,0,0,0,0,1,0,1
104,1,1,0,0,0,0,1,0,1
1044,1,0,0,0,0,0,0,0,1
1046,1,0,0,0,0,0,1,0,1
1048,1,1,1,1,0,1,1,0,0
1052,1,0,0,1,0,0,0,0,1
105,0,0,1,1,0,1,1,0,0
1054,0,0,0,0,0,0,1,0,1
1055,0,0,0,1,0,1,1,0,0
1056,0,0,0,0,0,0,0,0,1
1057,1,0,0,1,0,0,0,0,1
1059,0,1,1,1,0,1,1,1,0
1061,1,0,0,0,0,0,0,0,1
1063,0,0,0,0,0,0,1,0,1
1064,0,0,0,0,0,0,1,0,1
1065,0,1,1,0,0,1,1,0,0
1067,0,1,1,0,0,1,1,1,1
1069,0,0,0,1,0,0,0,0,1
1070,0,1,1,0,0,1,1,0,1
1073,1,1,1,1,0,1,1,1,0
1074,0,1,1,0,1,1,1,1,0
1075,1,0,1,1,0,1,1,0,1
1077,0,1,1,1,1,1,1,1,0
1079,0,0,0,0,0,1,1,0,1
1080,0,0,1,1,0,0,1,0,1
1081,0,1,1,0,1,1,1,1,0
108,0,1,1,1,1,1,1,1,0
1082,0,0,0,0,0,0,1,0,1
1083,0,1,1,0,1,1,1,1,0
1085,0,1,1,0,0,1,1,1,0
1086,0,1,1,1,0,1,1,1,1
1088,0,1,1,1,0,1,1,1,1
109,0,1,1,1,0,1,1,0,1
1091,0,1,1,0,1,1,1,0,0
1092,0,0,0,1,0,0,0,0,1
1093,1,0,0,0,0,0,0,0,1
1094,0,0,0,0,0,1,1,0,1
1096,0,1,1,1,0,1,1,0,0
1097,1,0,1,1,0,1,1,0,1
1098,0,0,0,0,0,0,0,0,1
1100,0,1,1,1,1,1,1,1,0
110,1,0,0,0,0,0,0,0,1
1101,0,1,1,1,0,1,1,0,0
1102,0,0,0,0,0,0,1,0,1
1103,0,0,0,1,0,1,1,0,1
1105,1,0,1,0,0,1,1,0,1
1106,0,0,1,1,1,1,1,1,0
1107,0,0,0,0,0,0,1,0,1
111,0,1,1,1,0,1,1,1,0
1114,0,1,1,0,1,1,1,1,0
1115,0,1,0,1,0,1,1,0,0
1118,0,1,1,1,1,1,1,1,1
1119,0,1,1,0,1,1,1,1,0
112,0,1,1,0,1,1,1,1,0
1129,0,0,0,0,0,0,1,0,1
1130,0,1,1,0,0,1,1,1,0
1131,1,0,0,0,0,0,0,0,1
1132,0,0,0,1,0,1,1,0,1
1133,1,0,0,0,0,0,0,0,1
1134,0,1,1,1,0,1,1,1,0
1136,0,0,0,0,0,0,1,0,1
1137,1,1,1,1,0,1,1,0,1
1138,0,1,1,1,1,1,1,0,0
1139,1,0,0,1,0,0,0,0,1
1140,0,1,1,0,1,1,1,1,0
1142,0,0,1,1,0,1,1,1,1
1145,0,1,1,1,0,1,1,1,1
1149,0,0,1,1,0,1,1,0,1
1150,1,0,0,0,0,0,0,0,1
115,0,0,0,1,0,1,1,0,1
1156,0,0,0,1,0,1,1,0,1
1157,0,1,1,0,1,1,1,1,0
1158,0,1,1,0,0,1,1,1,0
1160,1,1,1,0,0,1,1,0,1
1162,0,1,0,0,0,1,0,0,1
1165,0,1,1,1,1,1,1,1,0
1166,1,0,1,0,0,1,1,1,0
1167,1,1,1,1,0,1,1,0,1
1168,0,0,0,0,0,1,1,0,1
1169,0,1,1,0,1,1,1,1,0
1171,0,0,1,1,0,1,1,0,0
1172,0,0,1,1,1,1,1,1,0
1175,0,1,1,0,0,1,1,1,0
1176,1,0,0,0,0,0,0,0,1
1177,1,1,0,0,0,1,0,0,1
1179,1,1,0,1,0,0,0,0,1
1180,0,1,1,1,1,1,1,0,0
1181,0,0,0,0,0,0,1,0,1
118,1,0,0,1,0,0,0,0,1
1184,0,1,1,1,1,1,1,1,0
1185,0,1,1,1,0,1,1,0,1
1188,1,0,0,0,0,0,0,0,1
1189,0,1,1,1,0,1,1,1,1
1190,1,0,1,1,0,1,1,0,0
119,0,1,1,0,1,1,1,1,0
1193,0,1,1,0,0,1,1,0,0
1194,0,1,1,1,1,1,1,1,0
1198,0,0,1,1,0,1,1,0,1
1200,1,0,0,1,0,0,0,0,1
1201,0,1,1,0,1,1,1,1,0
120,0,1,1,0,0,1,1,0,1
1202,0,1,1,0,1,1,1,1,1
1203,0,1,1,1,1,1,1,1,1
1208,0,0,1,1,0,1,1,0,1
1209,0,1,0,0,0,0,0,0,1
1211,0,1,1,1,1,1,1,1,0
1212,0,0,0,0,0,1,0,0,1
12,0,1,1,0,1,1,1,0,0
1214,0,0,0,0,0,0,1,0,1
1215,1,0,1,0,0,1,1,0,0
1216,1,0,0,0,0,0,1,0,1
1219,1,0,0,1,0,0,0,0,1
1223,1,0,0,1,0,0,0,0,1
1224,0,1,1,0,0,0,1,0,1
1225,0,0,0,0,0,0,1,0,1
1227,0,1,1,1,1,1,1,1,0
1228,0,1,1,1,1,1,1,1,0
1229,1,0,0,0,0,0,0,0,0
1230,0,1,1,1,1,1,1,1,1
1231,0,1,1,1,0,1,1,1,0
1232,0,0,1,1,1,1,1,1,0
1233,0,0,0,0,0,0,1,0,1
1234,1,0,1,1,0,1,1,0,0
1235,1,0,0,0,0,0,0,0,1
123,0,0,0,0,0,0,0,0,1
1236,1,0,0,1,0,0,0,0,1
1238,0,1,0,0,0,1,1,0,1
1239,1,1,0,1,1,1,1,0,0
1240,0,0,0,1,0,0,1,0,1
1241,0,1,1,0,1,1,1,1,0
1243,1,0,1,1,0,1,1,0,0
1244,0,1,1,0,0,1,1,0,1
1245,0,1,1,0,1,1,1,1,0
1246,0,0,1,0,0,1,1,0,0
1248,1,1,0,0,0,0,0,0,1
1249,0,0,0,1,0,0,0,0,1
1250,1,1,1,0,1,1,1,1,1
1251,0,1,1,0,1,1,1,0,1
1252,1,0,1,1,0,0,0,0,1
1253,0,1,1,1,1,1,1,1,0
125,0,0,0,1,0,0,1,0,1
1256,0,1,0,0,0,1,1,1,0
1257,0,0,0,0,0,0,0,0,1
1258,1,1,1,0,0,1,1,0,1
1259,1,1,1,1,0,1,1,0,1
1260,0,1,1,1,0,1,1,1,1
1261,0,1,1,0,1,1,1,1,0
1262,0,0,0,1,0,1,0,0,1
1264,1,0,0,0,0,1,0,0,1
1265,1,1,1,1,0,0,1,0,1
1268,0,1,1,1,1,1,1,1,0
1269,1,0,0,1,0,0,1,0,1
1270,0,0,0,0,0,1,1,0,0
1271,0,0,0,0,0,0,0,0,1
1272,0,0,1,1,0,1,1,0,1
1273,0,1,1,0,1,1,1,1,0
1274,1,0,1,0,0,1,1,0,1
1277,1,0,0,0,0,1,0,0,1
1278,0,1,1,1,1,1,1,0,0
1279,0,1,1,1,0,1,1,0,1
1281,0,1,1,0,0,1,1,1,0
1282,1,0,1,1,1,1,1,1,1
1283,1,0,0,0,0,1,1,0,1
1284,0,1,1,0,1,1,1,1,0
1289,1,0,0,0,0,0,0,0,1
1290,1,0,0,1,0,0,0,0,1
1291,0,1,1,0,1,1,1,0,0
1292,0,1,1,0,0,1,1,0,0
129,0,0,0,0,0,1,1,0,1
1296,1,0,0,0,0,1,1,0,1
1297,0,0,0,1,0,1,0,0,1
1298,0,1,1,0,1,1,1,0,1
1299,0,1,1,1,1,1,1,1,0
1303,0,0,0,0,0,0,0,0,1
1305,0,0,0,0,0,1,1,0,1
1310,0,1,1,0,1,1,1,1,0
131,1,0,0,1,0,1,1,0,0
1312,0,1,1,1,1,1,1,1,0
1313,0,0,0,1,0,0,1,0,1
1316,1,0,0,1,0,1,0,0,0
1317,1,1,1,0,0,0,0,0,1
1318,1,0,0,1,0,1,1,0,0
13,0,0,0,1,0,0,1,0,1
1320,1,0,0,0,0,1,1,0,0
132,0,1,1,1,1,1,1,1,0
1323,1,0,1,1,0,1,0,0,0
1324,0,1,1,1,1,1,1,1,0
1327,1,0,0,1,0,0,0,0,1
1328,0,1,1,0,1,1,1,0,1
1329,1,1,1,0,1,1,1,0,1
1331,0,1,1,0,1,1,1,0,0
1332,0,1,1,0,0,1,1,0,1
1336,1,0,0,0,0,0,0,0,1
1338,0,1,1,0,0,0,1,0,1
1339,0,1,1,1,0,1,1,1,0
1342,1,1,0,0,0,0,0,0,1
1344,0,0,0,1,0,0,0,0,1
1346,0,1,1,1,1,1,1,0,0
1347,1,1,0,0,0,1,1,0,1
1348,0,1,1,1,0,1,1,0,1
1349,0,1,0,0,0,1,1,0,0
1350,1,0,1,1,0,0,1,0,1
135,0,0,0,0,0,1,1,0,1
1353,0,1,1,1,1,1,1,0,0
1355,1,0,1,0,0,1,1,0,1
1356,0,1,1,1,1,1,1,0,0
1359,0,1,0,0,0,0,1,0,1
1360,1,1,0,0,0,1,1,0,1
1361,0,1,1,0,0,1,1,0,0
1362,0,1,1,1,0,1,1,0,0
1363,0,1,1,1,0,0,1,0,0
1365,0,0,0,1,0,0,0,0,1
1370,0,1,1,1,0,1,1,1,0
1375,1,0,0,1,0,0,0,0,1
1376,0,1,1,1,0,1,1,0,1
1378,1,0,0,0,0,1,0,0,1
1379,1,0,1,1,0,1,1,0,1
1382,0,1,1,0,1,1,1,0,0
1386,1,0,0,1,0,0,0,0,1
1387,1,0,0,0,0,0,0,0,1
1388,0,0,0,0,0,0,1,0,1
1389,1,0,0,0,0,0,0,0,1
1391,0,0,0,0,0,0,1,0,1
1392,0,1,1,1,0,1,1,1,0
1393,0,0,0,0,0,1,1,0,1
1394,0,1,1,1,0,1,1,1,0
1399,0,0,1,1,0,1,1,1,0
140,1,0,1,0,0,1,1,1,1
1402,1,1,1,0,0,1,1,0,1
1407,0,1,1,0,0,1,1,0,0
1409,0,1,1,1,1,0,1,1,0
1412,0,1,1,0,0,1,1,0,1
1413,0,1,1,0,1,1,1,1,0
1414,0,0,0,1,0,0,1,0,1
14,1,0,0,1,0,0,0,0,1
1415,1,0,0,0,0,1,1,0,1
1416,0,0,0,0,0,0,0,0,1
1418,0,1,1,1,1,1,1,1,0
1419,0,1,1,0,0,1,1,0,1
1420,1,0,1,1,0,1,1,0,1
1422,0,1,0,0,0,1,1,0,1
142,0,1,1,1,1,1,1,0,0
1424,0,1,1,1,1,1,1,1,0
1426,1,0,0,0,0,0,0,0,1
1429,0,0,1,1,0,1,1,0,0
1430,1,0,0,0,0,0,0,0,1
1431,0,1,1,1,1,1,1,1,0
143,1,0,0,1,0,1,0,0,0
1435,0,1,1,1,1,1,1,1,0
1437,1,1,1,1,0,1,1,0,1
1439,0,1,1,1,0,1,1,1,0
1441,0,0,0,0,0,0,1,0,1
1442,0,0,0,1,0,0,0,1,1
1443,1,0,1,0,0,1,1,0,0
1444,0,1,1,1,1,1,1,0,0
1445,0,1,1,0,1,1,1,1,0
1446,1,1,1,1,1,1,1,0,1
1447,0,0,0,0,0,0,0,0,1
1449,0,0,0,0,0,0,1,0,1
1450,0,1,1,0,1,1,1,1,0
1451,0,1,1,1,0,1,1,1,0
1453,1,0,0,1,0,1,1,0,1
145,0,1,0,0,1,1,1,0,0
1456,0,0,0,0,0,0,1,0,1
1457,0,1,1,0,1,1,1,0,0
1458,0,0,0,0,0,0,1,0,1
1460,0,1,1,0,1,1,1,1,0
1462,1,0,0,1,0,0,0,0,1
1463,0,1,1,0,1,1,1,0,0
1464,0,0,0,1,0,1,0,0,0
1465,1,1,0,0,0,0,0,0,1
1467,0,1,1,0,1,1,1,1,0
1468,0,1,1,1,1,1,1,0,0
1469,0,1,1,0,1,1,1,0,0
1470,1,0,0,0,0,0,1,0,1
147,1,0,0,1,0,1,1,0,1
1473,0,1,1,0,1,1,1,1,0
1475,0,0,1,1,1,1,1,1,0
1478,0,0,0,0,0,0,1,0,1
1479,1,0,0,1,0,0,0,0,1
148,1,0,1,1,0,1,1,0,1
1485,0,0,0,1,0,1,1,0,0
1489,0,1,1,1,1,1,1,0,0
1490,0,0,1,1,1,1,1,0,0
1494,1,0,0,0,0,0,1,0,1
1495,1,0,1,0,0,1,1,0,1
1497,0,0,0,0,0,0,0,0,1
1502,1,0,0,1,0,0,0,0,1
150,0,0,1,0,1,1,1,1,0
1503,1,0,0,1,0,0,0,0,1
1504,0,1,1,1,1,1,1,0,0
1505,0,0,0,0,0,0,0,0,1
1507,1,1,0,0,0,0,0,0,1
1512,0,0,0,1,0,0,0,0,1
1513,0,0,1,1,0,1,1,0,1
1515,1,0,0,0,0,0,1,0,1
1516,0,0,1,1,0,1,1,0,1
1517,0,0,0,1,0,0,1,0,1
1519,0,1,1,0,1,1,1,1,0
1521,1,0,0,0,0,0,0,0,1
1525,0,0,0,1,0,1,1,1,0
1527,1,0,1,1,1,1,1,0,1
1528,1,0,1,0,0,0,1,0,1
1530,1,0,0,1,0,1,0,0,1
1533,0,0,0,0,0,1,1,0,1
153,1,0,0,0,0,0,0,0,1
1535,1,0,1,0,0,1,1,0,1
1536,0,1,1,1,0,1,1,0,1
1537,1,0,1,1,0,0,1,0,1
1539,0,0,0,0,0,0,0,0,1
154,0,1,1,1,1,1,1,0,0
1544,1,0,0,1,0,1,0,0,1
1545,0,1,1,1,1,1,1,0,0
1546,0,0,0,0,0,1,1,0,1
1552,0,1,1,1,1,1,1,0,1
1554,1,1,0,1,1,1,1,0,0
1556,1,0,1,1,1,1,1,1,0
1558,0,0,0,0,0,0,0,0,1
1560,0,0,0,1,0,0,0,0,1
1563,0,1,1,0,1,1,1,1,0
1564,0,1,1,1,1,1,1,1,1
1565,0,1,1,0,1,1,1,1,0
1566,1,0,0,1,0,0,0,0,1
1567,0,1,1,1,1,1,1,1,0
1568,0,0,0,1,1,0,1,0,1
1570,1,0,1,1,0,1,1,0,0
1572,0,1,1,0,1,1,1,0,0
1574,1,0,0,0,0,1,0,0,1
157,0,0,0,1,0,0,0,0,1
1577,0,1,1,1,1,1,1,1,0
1579,0,1,1,1,1,1,1,1,0
1582,0,0,1,1,0,1,1,0,1
1583,1,1,1,0,0,1,1,1,0
158,1,1,0,0,0,0,1,0,1
1584,0,1,1,1,0,1,1,0,0
1586,0,1,1,1,1,1,1,0,0
1587,1,0,0,0,0,0,0,0,1
1588,0,0,0,0,0,0,1,0,1
1589,1,0,0,1,0,1,1,0,1
1590,1,0,0,0,0,0,0,0,1
1591,1,0,0,0,0,1,0,0,1
1592,0,1,1,0,1,0,1,1,0
1593,0,1,1,0,1,1,1,1,0
1594,0,0,1,0,1,1,1,1,0
1601,0,1,1,1,0,1,1,0,1
1602,0,1,1,0,0,1,1,0,1
1605,0,1,0,0,0,0,0,0,1
1606,0,1,1,1,0,1,1,0,1
1607,0,0,0,1,0,1,1,0,1
1609,0,0,0,1,0,0,0,0,1
1611,0,1,1,1,1,1,1,1,0
1613,0,1,0,0,0,0,0,0,1
161,0,1,1,0,0,1,1,0,1
1615,1,1,0,1,0,1,0,1,1
1617,1,0,0,1,0,0,0,0,1
1618,1,0,0,1,0,0,0,0,1
1620,1,1,1,1,0,0,0,0,1
162,0,1,1,1,1,1,1,0,0
1624,0,1,1,1,1,1,1,0,1
1626,1,0,0,1,0,1,0,0,1
1627,1,0,0,0,0,0,0,0,0
1630,0,1,1,1,1,1,1,1,0
1631,0,1,1,0,0,1,1,0,0
163,1,0,0,0,0,0,0,0,1
1633,1,0,0,1,0,0,0,0,1
1634,0,1,1,0,1,1,1,1,0
1637,1,0,0,0,0,0,0,0,1
1638,0,0,0,0,0,0,0,0,1
1639,1,0,0,0,0,0,0,0,1
1640,1,0,0,1,0,0,0,0,1
1641,1,1,1,0,0,0,1,0,1
164,0,0,0,0,0,0,1,0,1
1642,1,0,0,0,0,1,0,0,1
16,0,1,1,0,1,1,1,1,0
1644,1,0,0,1,0,1,1,0,1
1645,0,1,1,1,0,1,1,1,0
1646,0,1,1,0,1,1,1,1,0
1647,0,1,1,1,0,1,1,0,0
165,0,1,1,1,0,1,1,0,1
1651,0,0,0,1,0,0,0,0,1
1653,1,1,0,0,0,0,1,0,1
1654,0,1,1,0,0,1,1,0,0
1656,0,0,0,1,0,0,0,0,1
1658,1,1,0,1,0,0,0,0,1
1661,0,1,1,0,1,1,1,1,0
1664,1,1,0,0,0,0,0,0,1
1667,0,1,1,0,1,1,1,1,0
1668,0,1,0,0,0,1,1,0,0
1670,0,0,0,1,0,0,0,0,1
1672,1,0,0,0,0,1,0,0,1
1674,0,1,1,1,1,1,1,0,0
1677,0,0,0,0,0,0,1,0,1
1680,0,1,1,1,1,1,1,1,0
1688,0,1,0,1,0,0,1,0,1
1691,0,1,1,1,0,1,1,0,1
169,0,1,1,0,0,0,1,1,0
1696,0,1,1,0,1,1,1,1,0
1697,1,0,1,0,0,1,1,0,1
1698,0,1,1,1,1,1,1,1,0
1699,1,0,0,0,0,0,0,0,1
1705,0,0,1,0,0,1,1,0,0
1706,0,0,1,1,0,1,1,1,0
1709,0,1,1,0,0,1,1,1,1
1710,1,1,0,0,0,0,0,0,1
171,1,0,0,0,0,0,0,0,1
1712,0,0,0,0,0,1,1,0,1
1717,0,1,1,0,1,1,1,1,0
1719,0,0,0,0,0,0,1,0,1
1724,0,1,1,1,1,1,1,1,0
1725,0,1,1,1,1,1,1,1,0
172,0,0,0,0,0,0,1,0,1
1730,1,0,0,0,0,0,0,0,1
1733,1,0,0,0,0,0,0,0,0
1734,0,1,1,0,1,1,1,1,0
1735,0,0,0,1,0,0,0,0,1
1737,0,1,1,0,1,0,1,1,0
1738,0,1,1,1,1,1,1,1,0
1740,1,1,1,0,0,1,1,0,1
1743,1,1,0,0,0,0,0,0,1
1748,0,1,1,0,1,1,1,1,0
1749,0,1,1,0,0,1,1,0,1
1750,1,0,0,0,0,0,0,0,1
1751,0,1,1,0,1,1,1,1,0
1753,1,0,0,1,0,0,0,0,1
175,0,0,0,1,0,1,1,0,1
1754,1,0,0,1,0,0,0,0,1
1758,0,1,1,0,1,1,1,1,0
1759,0,0,1,0,0,1,1,1,1
1760,0,1,0,1,0,1,1,0,1
1762,0,1,1,0,1,1,1,0,0
1763,0,1,1,1,1,1,1,1,0
1765,0,1,1,0,0,1,1,0,0
1767,1,0,0,1,0,0,0,0,1
1768,1,0,0,1,0,0,0,0,1
177,0,0,0,1,0,0,0,0,1
1772,0,1,1,0,1,1,1,1,0
1773,0,1,1,1,1,1,1,1,0
1776,1,1,1,0,0,1,1,0,1
1777,1,0,0,0,0,0,0,0,1
1779,1,0,0,1,0,0,0,0,0
1780,0,1,0,1,0,0,1,0,1
1783,0,1,1,1,0,1,1,1,0
1786,1,0,0,1,0,1,0,0,1
1788,1,0,0,0,0,1,0,0,1
1791,0,1,1,0,1,1,1,1,0
1793,0,1,1,0,1,1,1,1,0
1794,1,0,0,0,0,0,0,0,1
1795,0,1,1,0,1,1,1,0,0
179,1,0,0,0,0,0,0,0,1
1796,0,1,0,0,0,1,1,0,1
1799,1,0,1,0,0,0,1,0,1
1800,0,1,1,1,1,1,1,0,0
180,0,1,1,1,0,1,1,1,1
1801,0,1,1,0,0,1,1,0,1
1806,0,0,0,0,0,0,1,0,1
1810,0,1,1,1,1,1,1,1,0
1811,0,1,1,1,1,1,1,0,1
1812,0,0,0,1,0,1,1,0,0
1814,0,1,1,0,1,1,1,1,1
1820,0,0,0,0,0,0,1,0,1
18,0,1,1,1,1,1,1,1,0
1822,0,0,0,0,0,0,1,0,1
1823,0,1,1,1,1,1,1,1,0
1824,0,1,1,1,0,0,1,1,0
1830,0,1,1,1,1,1,1,0,1
1831,1,0,0,1,0,0,0,0,1
183,0,1,1,1,1,1,1,0,0
1835,0,1,1,0,1,1,1,1,0
1836,0,0,0,0,0,1,1,0,1
1837,0,1,0,0,0,1,1,0,0
1839,0,0,1,0,0,1,1,0,0
1840,0,1,1,1,0,1,1,1,0
184,0,1,0,0,0,1,1,1,0
1842,0,1,1,0,1,1,1,0,1
1843,0,1,1,1,1,1,1,0,0
1845,1,1,1,0,0,1,1,0,1
1850,1,0,0,0,0,0,0,0,1
1851,1,1,1,0,0,1,1,0,1
1853,1,0,0,0,0,0,0,0,1
1854,0,0,0,1,0,1,1,0,0
1856,0,1,1,1,1,1,1,1,1
1862,1,1,1,0,0,1,1,1,1
186,0,1,1,1,1,1,1,1,0
1864,0,1,0,0,0,0,0,0,1
1865,0,1,1,0,0,0,1,0,0
1866,0,0,0,0,0,0,1,0,1
1869,0,1,1,0,0,1,1,0,1
187,1,0,0,0,0,0,0,0,1
1873,0,0,0,0,0,0,1,0,1
1875,0,1,1,0,0,1,1,1,1
1877,1,1,0,1,0,1,1,0,1
1880,1,1,1,1,0,1,1,1,1
1882,1,0,0,0,0,0,0,0,1
1883,0,0,0,0,0,0,0,0,1
188,0,0,0,1,0,1,1,0,1
1885,0,1,1,1,0,1,1,1,0
1889,1,0,1,1,1,1,1,1,1
1890,0,1,1,0,1,1,1,0,0
189,0,1,1,0,1,1,1,1,0
1894,0,0,0,0,0,0,1,0,1
1897,0,1,1,1,0,1,1,1,1
1898,1,0,0,0,0,0,0,0,1
1902,0,0,0,0,0,0,0,0,1
1903,1,1,0,0,0,0,0,0,1
1904,0,0,0,0,0,0,0,0,1
190,0,0,0,0,0,0,0,0,1
1905,0,1,1,1,1,1,1,1,0
1907,0,0,0,0,0,0,0,0,1
1908,1,0,1,0,0,1,1,0,1
1909,0,0,0,1,0,0,0,0,1
1910,0,1,0,1,0,1,1,0,0
1912,0,1,1,0,1,1,1,1,0
1913,0,0,0,0,0,1,1,0,0
1915,0,0,1,1,0,1,1,1,1
1919,1,0,0,1,0,1,1,0,1
1922,0,1,1,0,1,1,1,1,0
192,0,1,1,1,0,1,1,1,1
1924,0,0,1,1,0,0,0,0,1
1925,0,0,1,0,1,1,1,0,0
1929,1,0,0,1,0,1,0,0,1
1930,1,1,1,1,0,1,1,1,0
1931,0,0,1,0,0,0,1,0,0
1932,0,0,0,0,0,0,1,0,1
1937,0,1,1,1,1,1,1,1,0
1938,1,0,0,0,0,0,0,0,1
1940,0,1,1,0,0,0,1,0,1
1941,1,1,0,1,0,1,0,0,1
1944,0,0,0,1,0,0,0,0,1
1946,0,1,1,0,1,1,1,1,0
1947,1,0,0,1,0,1,0,0,1
1948,1,0,0,1,0,0,0,0,1
19,0,1,1,1,0,1,1,0,1
1952,0,1,1,1,0,1,1,1,0
1954,1,1,1,1,1,1,1,1,1
1955,1,0,0,1,0,0,0,0,1
195,1,0,0,0,0,0,0,0,1
1958,0,1,1,1,0,1,1,0,1
1959,0,1,1,0,0,1,1,0,1
1962,0,0,0,1,0,1,1,0,1
1966,0,1,1,0,1,1,1,0,0
1968,0,1,1,1,1,1,1,1,0
1969,0,1,1,0,1,1,1,1,0
1970,1,0,0,0,0,0,0,0,1
1973,1,1,1,1,1,1,1,0,0
1974,0,1,1,0,1,1,1,1,0
1975,1,0,0,1,0,0,0,0,1
1978,0,1,1,1,1,1,1,1,0
1979,0,0,0,1,0,0,0,0,1
1980,0,1,1,1,0,1,1,0,0
1985,1,0,0,1,0,1,0,0,1
198,0,0,0,1,0,0,0,0,1
1990,1,1,0,1,0,0,0,0,0
1991,1,0,0,1,0,1,1,0,1
199,1,1,1,1,0,1,1,1,0
1993,0,0,0,1,0,0,0,0,1
1994,0,1,1,1,1,1,1,1,0
1996,0,1,1,1,0,1,1,1,1
1997,1,0,0,1,1,1,0,0,0
2000,0,0,0,1,0,0,0,0,1
2006,0,1,1,1,1,1,1,1,0
2007,0,1,1,1,0,1,1,1,0
2009,0,1,1,1,0,1,1,1,0
2011,0,1,1,1,1,1,1,1,0
2014,0,1,1,0,1,1,1,0,0
2015,0,0,0,0,0,0,0,0,1
2017,1,0,0,1,0,1,0,0,1
2018,1,0,1,0,0,0,1,0,1
2020,1,0,0,1,0,0,0,0,1
2021,0,0,1,0,0,1,1,0,1
202,0,1,1,0,1,1,1,1,0
2023,0,0,0,0,0,1,0,0,1
2024,0,1,1,0,0,1,1,1,1
2025,0,0,0,1,0,0,0,0,1
2031,0,0,0,1,0,1,1,0,0
2032,0,0,1,0,0,0,1,0,1
2033,0,1,1,1,1,1,1,0,1
2035,0,1,1,1,1,1,1,0,0
2036,0,0,0,0,0,0,1,0,1
2037,0,0,0,0,0,1,1,0,1
2038,0,1,1,1,1,1,1,1,1
2043,0,1,1,0,0,1,1,1,0
204,1,0,0,1,0,0,0,0,1
2046,0,0,0,0,0,0,1,0,1
2047,0,1,1,0,0,0,1,1,1
2048,0,0,0,1,0,0,0,0,1
2049,0,0,0,1,0,1,0,0,1
2050,1,0,0,1,0,1,0,0,1
2052,0,0,0,1,0,0,0,0,1
2056,0,0,0,1,0,0,1,0,1
2058,1,0,0,1,0,0,0,0,1
2060,0,0,0,0,0,0,1,0,1
2061,0,0,0,0,0,0,1,0,1
206,0,0,0,1,0,1,0,0,1
2062,1,0,0,1,0,1,1,0,1
2063,1,0,0,1,0,1,0,0,1
2065,0,1,1,0,1,1,1,1,0
2066,1,0,0,0,0,0,0,0,1
2069,0,1,1,1,1,1,1,0,0
2070,0,1,1,0,1,1,1,1,1
2071,0,1,1,0,0,1,1,0,1
2072,1,0,1,1,0,1,1,1,1
2078,0,1,1,0,1,1,1,1,0
2086,0,1,1,0,1,1,1,0,0
2088,0,0,0,1,0,0,1,0,1
2090,0,1,1,1,1,1,1,1,0
2092,0,1,1,0,1,1,1,1,0
2094,1,0,1,0,0,0,1,0,1
2095,0,1,1,1,1,1,1,0,0
2101,0,0,1,0,0,1,0,0,1
2104,0,1,0,0,0,1,0,0,0
2106,1,1,0,0,0,0,0,0,1
2107,0,1,1,0,1,1,1,0,0
2108,0,0,0,0,0,0,1,0,1
2109,1,0,0,0,0,0,0,0,1
2111,1,0,1,1,0,1,1,0,0
2116,1,0,0,1,0,0,0,0,1
2117,0,1,1,1,0,1,1,1,0
2118,0,0,0,0,0,0,1,0,1
2119,1,0,0,1,0,0,0,0,1
2120,0,0,0,1,0,0,0,0,1
2121,0,0,1,0,1,1,1,0,0
2122,0,1,1,1,1,1,1,0,0
2124,0,1,0,0,0,1,1,0,0
2125,1,1,0,0,0,1,1,0,1
2126,0,1,1,0,1,1,1,0,0
2127,0,0,0,0,0,0,0,0,1
2130,0,0,0,1,0,0,0,1,1
213,1,1,0,1,0,0,0,0,1
2133,0,1,1,0,0,1,1,0,1
2134,1,0,0,1,0,1,0,0,0
2136,0,1,1,1,1,1,1,1,1
2137,1,0,0,0,0,0,0,0,1
2139,1,0,0,0,0,0,0,0,1
2140,0,1,1,0,1,1,1,1,0
2141,0,0,0,0,0,1,1,0,1
2142,1,1,0,0,0,0,0,0,1
2146,0,1,1,0,0,1,1,1,0
2147,0,0,0,0,0,1,1,0,0
2155,0,0,0,0,0,1,1,0,1
2157,0,1,1,1,0,1,1,0,1
2159,0,0,0,1,0,0,1,0,1
2161,0,1,1,1,0,1,1,1,0
216,1,0,0,1,0,1,0,0,1
2162,0,1,1,1,0,1,1,0,1
2164,0,1,1,1,0,1,1,1,0
2166,0,1,1,0,0,1,1,0,0
2170,0,1,1,0,1,1,1,0,0
2171,1,0,0,1,0,1,0,0,1
2173,0,1,0,0,0,0,1,0,1
2176,1,0,0,1,0,1,0,0,1
21,0,1,1,1,0,1,1,0,1
2181,1,0,1,1,0,1,1,0,1
2184,1,0,0,0,0,0,1,0,1
2185,0,1,1,0,1,1,1,1,0
2186,0,1,1,0,1,0,1,1,0
2188,1,1,1,1,0,1,1,0,1
2191,0,0,0,1,0,0,1,0,1
2192,0,0,0,0,0,0,1,0,1
2193,0,0,0,0,0,0,1,0,1
2197,0,1,1,1,0,1,1,0,1
2200,0,1,1,0,1,1,1,1,0
220,0,0,1,0,0,0,1,0,1
2210,1,0,0,1,0,0,0,0,1
221,0,1,1,0,1,1,1,1,0
2213,1,0,0,1,0,0,0,0,1
2215,0,0,0,0,0,0,1,0,1
2218,0,1,1,0,0,1,1,0,1
2222,0,0,0,0,0,0,1,0,1
2223,0,1,1,1,1,1,1,1,0
222,0,1,1,0,0,0,1,0,1
2225,1,0,0,1,0,0,0,0,1
2227,1,0,0,0,0,0,1,0,1
2228,0,0,1,0,0,1,1,0,1
2230,0,1,0,0,0,1,1,1,0
2234,0,0,0,1,0,0,0,0,1
2235,0,0,0,0,0,1,0,0,1
2236,0,0,0,1,0,1,1,0,1
2237,1,1,0,1,0,1,0,0,1
2240,0,1,1,0,1,1,1,1,1
2241,0,1,1,1,0,1,1,1,0
2243,0,1,1,0,0,1,1,0,0
2246,0,0,0,1,0,0,0,0,1
2247,0,1,1,1,0,1,1,0,0
2249,0,1,1,0,1,1,1,1,0
2250,0,1,1,0,1,1,1,1,0
225,0,1,0,0,0,1,1,1,1
2252,0,0,0,1,0,1,0,0,1
2253,0,1,1,0,0,1,1,1,0
2254,1,0,0,1,0,1,0,0,1
2255,1,0,0,1,0,0,0,0,1
2256,1,0,1,0,0,0,1,0,1
2259,1,0,1,0,1,1,1,1,1
2260,0,1,1,1,1,1,1,1,0
226,0,0,1,0,1,1,1,1,0
2263,0,1,1,1,0,0,0,0,1
2265,1,0,0,1,0,1,1,0,0
2266,0,1,1,0,0,1,1,0,1
2267,0,1,1,1,1,1,1,1,1
227,0,0,0,1,0,0,0,0,0
2280,1,0,1,0,1,1,1,1,1
228,0,0,0,1,0,0,0,0,1
2285,0,0,0,0,0,1,0,0,1
2287,0,0,0,0,0,0,0,0,1
2288,0,0,1,1,1,1,1,0,0
2290,1,0,1,1,0,1,1,0,1
2291,1,0,0,1,0,0,0,0,1
2292,0,1,0,0,0,1,0,0,0
2294,0,0,1,1,0,1,1,0,1
229,0,1,1,1,0,1,1,1,0
2296,0,1,1,0,0,1,1,1,0
2298,0,1,1,1,1,1,1,1,0
2299,1,0,0,1,0,0,0,0,1
2300,0,0,0,0,0,0,0,0,1
2301,0,1,1,0,0,1,1,1,1
2302,0,1,1,1,1,1,1,1,0
230,1,0,0,1,0,1,0,0,1
2303,1,0,0,1,0,0,0,0,1
2305,0,0,0,0,0,0,1,0,1
2306,1,0,0,0,0,0,1,0,1
2308,0,1,1,0,1,1,1,0,0
231,1,0,0,1,0,0,0,0,1
2312,0,0,0,1,0,1,1,1,0
2315,0,1,1,1,1,1,1,1,0
2317,0,1,1,0,1,1,1,1,1
2319,0,1,1,0,1,1,1,1,0
2320,0,1,1,0,0,1,1,1,1
2321,0,1,1,1,1,1,1,0,0
2323,1,0,1,0,0,1,0,0,1
2324,1,0,0,0,0,0,0,0,1
2325,0,1,1,1,0,1,1,0,0
2329,0,0,0,1,0,1,1,0,1
233,0,0,0,0,0,0,1,0,1
2332,0,1,1,0,1,1,1,1,0
2334,0,0,0,0,0,0,1,0,1
2335,0,1,1,1,1,1,1,1,0
2336,0,0,1,1,0,0,1,0,1
2337,0,1,1,0,1,1,1,1,0
2339,0,1,1,0,1,1,1,0,0
234,0,1,1,1,1,1,1,1,1
2342,0,1,1,0,0,1,1,1,1
2344,1,0,0,0,0,1,1,0,0
2346,0,1,1,0,0,0,1,0,1
2347,1,1,0,0,0,0,0,0,1
23,1,1,1,0,0,0,1,0,1
2352,0,1,1,0,1,1,1,1,0
2355,0,1,1,0,1,1,1,1,1
2356,1,0,0,0,0,0,0,0,1
2357,1,0,0,1,0,0,0,0,1
2358,0,0,0,1,0,0,0,0,1
2360,0,1,1,0,1,1,1,1,0
2362,1,1,0,0,0,0,0,0,1
2364,0,0,0,0,0,0,0,0,1
2367,0,1,1,0,1,1,1,1,0
2368,0,1,1,1,0,1,1,0,1
2369,1,0,0,1,0,1,0,0,1
2372,1,0,0,1,0,0,0,0,1
2379,0,1,1,1,1,1,1,0,0
2380,0,1,1,0,0,1,1,1,0
2381,0,0,0,0,0,0,1,0,1
238,1,0,0,1,0,1,0,0,1
2386,1,0,0,0,0,0,0,0,1
2390,1,1,0,1,0,0,0,0,1
2391,0,1,1,1,0,0,0,0,1
239,1,0,0,1,0,0,0,0,1
2398,0,1,1,0,1,1,1,1,0
2400,0,1,1,0,1,1,1,1,0
240,0,0,1,1,1,1,1,1,0
2401,0,1,1,1,1,1,1,0,0
2402,1,1,0,1,0,0,0,0,1
2404,0,0,0,0,0,0,1,0,1
2405,0,1,1,0,1,1,1,1,0
2408,1,1,1,0,0,1,0,0,1
2409,1,0,1,1,1,1,1,1,0
2411,0,0,1,1,0,1,1,0,0
2413,0,0,0,1,0,0,0,0,1
2414,1,1,1,1,1,1,1,1,0
241,0,1,1,1,1,1,1,1,1
2416,0,1,1,0,0,1,1,0,1
2417,0,1,1,1,1,1,1,1,0
242,1,0,1,0,0,1,1,0,1
2422,0,1,1,0,1,1,1,0,0
2423,0,1,1,1,0,1,1,0,0
2424,1,1,1,0,0,1,1,0,1
2425,0,0,0,1,0,0,0,0,1
2426,0,1,1,1,1,1,1,0,0
2427,1,0,0,0,0,0,0,0,1
2434,0,0,0,1,0,0,0,0,1
2437,0,0,0,1,0,0,0,0,1
2438,0,0,1,1,0,1,1,0,1
2439,0,1,1,1,1,1,1,0,0
244,0,1,0,1,0,1,1,0,0
2443,1,0,0,1,0,1,0,0,1
2444,0,0,1,0,0,1,1,0,1
2445,0,0,0,1,0,0,0,0,1
2450,1,1,0,0,1,1,1,0,1
2451,0,0,1,0,1,1,1,1,1
245,0,1,1,1,1,1,1,1,1
24,0,0,0,1,0,0,0,0,1
2454,0,0,1,1,0,1,1,1,0
2456,0,1,1,0,1,1,1,1,0
2457,0,1,1,1,0,1,1,1,1
2460,0,1,1,0,1,1,1,1,0
2461,0,0,0,1,0,1,1,1,1
2463,1,0,0,1,0,0,0,0,1
2464,0,1,1,1,1,1,1,1,0
2465,0,0,0,1,0,0,0,0,1
2468,0,0,0,0,0,0,0,0,1
2469,1,1,0,1,0,1,1,0,0
2470,1,0,0,0,0,0,0,0,1
247,1,0,0,1,0,1,0,0,0
2473,0,0,0,1,0,0,0,0,0
2474,1,0,0,1,0,0,0,0,1
2477,0,1,1,1,1,1,1,1,0
2480,0,1,1,1,1,1,1,1,0
2483,0,1,1,0,0,1,1,1,0
2484,1,0,0,1,0,0,0,0,1
2487,0,1,1,0,0,1,1,0,0
248,0,1,1,0,1,1,1,1,0
2489,0,1,1,0,0,1,1,0,1
2491,0,0,0,0,0,0,0,0,1
2492,0,1,0,0,0,1,1,0,0
2493,0,1,1,1,0,1,1,1,0
2494,0,1,1,0,1,1,1,1,0
2495,1,0,0,0,0,0,0,0,1
2496,0,0,0,1,1,0,1,0,0
2498,1,1,0,0,0,0,1,0,1
2500,0,1,1,0,1,1,1,0,1
2505,1,1,0,0,0,0,1,0,1
2506,0,0,1,1,0,1,1,1,1
251,1,0,0,0,0,0,0,0,1
2515,1,0,0,1,0,0,0,0,1
2517,1,0,0,1,0,1,0,0,1
2519,0,1,1,1,1,1,1,1,0
2525,1,0,0,1,0,1,1,0,1
2527,0,0,0,1,0,0,0,0,1
2529,0,1,0,1,0,1,1,0,0
2530,1,0,0,1,0,0,0,0,1
2533,0,1,1,0,0,1,1,1,1
2535,0,0,0,1,0,0,0,0,1
2536,0,0,0,1,0,0,1,0,1
2538,0,1,0,0,1,1,1,0,0
2540,1,0,0,1,0,0,0,0,1
2543,1,1,1,1,0,1,1,1,1
2544,0,1,0,0,0,0,0,0,1
2546,0,1,1,0,1,1,1,1,0
2548,0,1,1,0,0,1,1,1,0
2549,0,1,1,1,0,1,1,1,0
2551,1,1,0,1,0,1,0,0,1
2554,0,1,1,0,1,1,1,1,1
2557,1,0,0,0,0,0,0,0,1
2558,0,1,1,1,1,1,1,1,0
2560,1,0,1,1,0,1,1,0,1
2561,0,1,0,0,0,1,1,0,1
2562,0,0,1,0,0,1,1,0,0
2563,0,0,1,1,0,1,1,0,0
2566,0,0,0,1,0,1,1,0,1
2568,0,1,1,0,0,1,1,0,0
2570,0,1,1,1,1,1,1,1,0
2575,0,0,0,1,0,0,0,0,1
2576,1,0,0,1,0,0,0,0,1
2577,1,1,0,0,0,1,1,0,1
2581,0,1,1,0,1,1,1,1,0
2583,1,0,0,1,0,0,0,0,1
2586,0,0,1,1,1,1,1,1,1
2587,0,0,0,1,0,0,1,0,1
2588,0,1,0,0,0,0,1,0,0
2591,0,1,1,0,1,1,1,1,0
2592,1,0,0,1,0,0,0,0,1
2594,1,0,0,1,0,0,0,0,1
2598,0,1,1,1,0,1,1,0,0
2601,0,1,1,0,1,1,1,1,0
2602,0,1,1,1,1,1,1,1,0
2604,0,1,1,1,0,1,1,0,0
2605,1,1,1,1,1,1,1,1,0
2606,0,1,1,1,0,1,1,1,0
2607,0,1,1,0,1,1,1,1,0
2609,0,1,1,0,0,1,1,0,1
2610,0,0,0,0,0,1,1,0,1
2611,0,1,1,0,1,1,1,1,0
26,0,1,1,0,1,1,1,1,0
2612,1,0,0,1,0,0,0,0,1
2614,1,0,0,1,0,0,0,0,1
2618,0,1,1,1,1,1,1,1,0
2619,0,1,0,0,0,0,0,0,1
2620,0,0,1,1,0,0,1,0,1
2621,0,0,0,1,0,1,1,0,0
262,0,1,1,0,0,1,1,0,0
2624,1,0,0,1,0,0,0,0,1
2626,0,1,1,0,1,1,1,1,0
2627,0,1,1,1,1,0,1,1,0
2628,0,0,0,1,0,0,0,0,1
263,1,0,1,1,0,0,0,0,1
2635,0,0,1,1,0,1,1,0,0
2636,0,1,1,1,0,1,1,0,1
2637,0,1,1,1,0,1,1,0,0
2640,0,1,1,1,1,1,1,1,0
2643,0,1,0,0,0,1,1,0,0
2646,0,1,0,0,0,1,1,0,0
2647,0,0,0,1,0,1,1,0,1
2650,0,1,1,1,1,1,1,1,0
2651,0,1,1,0,1,1,1,1,0
2653,1,1,0,1,0,0,0,0,1
2659,1,0,0,0,0,0,0,0,1
2661,1,0,0,0,0,0,0,0,0
2662,0,1,1,0,1,1,1,1,1
2664,0,0,0,0,0,1,0,0,1
2665,0,1,0,1,0,1,0,0,1
266,0,0,1,0,0,0,1,0,1
2666,0,0,0,1,0,0,0,0,1
2671,0,1,1,0,0,1,1,0,0
2673,1,1,0,1,0,1,0,0,1
2674,0,0,0,1,0,0,0,0,1
2675,0,1,1,1,1,1,1,1,1
2677,1,0,0,1,0,0,0,0,1
2678,0,1,1,1,1,1,1,1,0
2680,1,0,0,1,0,1,0,0,1
2681,0,0,0,1,0,0,0,0,1
2683,0,1,1,0,1,1,1,1,0
2685,1,1,0,1,0,0,0,0,1
2686,0,0,0,0,0,1,1,0,1
2687,0,1,1,0,0,1,1,1,0
2688,0,1,1,1,0,1,1,1,0
2689,0,1,1,1,1,1,1,1,0
2690,0,1,1,1,1,1,1,1,0
2691,1,1,1,0,0,0,1,0,1
2693,0,0,1,1,1,1,1,1,0
2696,0,1,1,1,0,1,1,1,0
2697,0,1,0,1,1,1,1,1,1
2699,0,0,0,0,0,0,0,0,1
270,1,1,0,0,0,0,1,0,1
2707,0,0,0,0,0,0,1,0,1
2710,1,1,0,0,0,0,0,0,1
271,0,1,1,1,1,1,1,1,0
2714,0,0,0,0,0,0,0,0,1
2716,0,1,1,1,0,1,1,1,1
2717,1,0,0,0,0,0,0,0,1
2719,1,0,0,0,0,0,0,0,1
272,0,1,1,0,1,1,1,1,0
2722,0,0,0,1,0,0,0,0,1
2726,0,1,1,1,0,1,1,0,1
2727,0,1,1,0,1,1,1,1,0
2730,0,1,1,1,1,1,1,0,0
2731,0,1,0,0,0,0,0,0,1
2736,0,1,1,0,0,1,1,1,1
2738,0,0,1,0,0,1,1,0,0
2742,0,0,0,1,0,1,1,0,0
2745,1,0,1,1,0,1,1,0,1
2748,1,0,0,0,0,0,0,0,1
2750,1,0,0,1,0,0,0,0,1
2751,0,0,0,0,0,0,0,0,1
275,0,1,1,0,1,1,1,1,1
2753,0,1,1,0,1,1,1,1,0
2755,0,0,0,0,0,1,1,0,1
2756,0,1,1,1,1,1,1,1,0
2757,1,0,0,0,0,0,0,0,1
2759,1,0,0,1,0,0,0,0,1
2760,0,1,1,1,0,1,1,0,0
2761,1,0,0,1,0,0,1,0,0
2762,1,0,0,0,0,0,0,0,1
276,1,0,0,0,0,1,1,0,1
2769,0,1,1,1,1,1,1,1,0
2771,0,1,1,1,1,1,1,1,1
2773,0,1,1,1,1,1,1,0,0
2774,0,1,0,1,1,1,1,0,1
2776,0,1,1,0,1,1,1,0,0
2777,0,1,1,1,0,1,1,0,0
2779,0,1,1,1,1,1,1,1,0
2784,1,0,0,0,0,0,0,0,1
278,0,0,0,0,0,1,1,1,0
2786,1,0,0,0,0,0,0,0,1
2787,0,0,0,1,0,1,0,0,1
2795,0,1,1,1,1,1,1,1,0
2796,1,0,0,1,0,0,0,0,1
2797,0,1,1,0,0,1,1,1,1
2798,0,1,0,1,0,1,1,0,0
2801,0,1,1,0,1,1,1,1,0
2802,0,1,1,1,0,1,1,1,1
280,0,1,1,0,0,1,1,0,1
2803,0,0,0,0,0,0,0,0,1
2804,0,1,1,1,0,1,1,0,0
2805,0,1,1,1,0,1,1,1,0
2806,0,1,0,1,0,1,1,0,0
2808,1,0,1,0,0,1,1,0,1
2810,0,0,0,0,0,0,1,0,1
281,1,0,1,1,0,1,1,0,1
2812,0,1,1,0,1,1,1,1,0
2813,0,0,0,1,0,0,0,0,0
28,0,0,0,0,0,1,1,0,0
2814,0,1,1,0,1,1,1,1,0
2817,0,1,1,0,1,1,1,1,0
2820,1,0,0,0,0,0,0,0,1
2826,1,0,0,0,0,0,0,0,0
2828,0,0,1,1,0,1,1,1,0
2829,1,0,1,1,0,0,0,0,1
2830,0,0,0,1,0,0,0,0,1
2833,0,0,0,1,0,0,0,0,1
2837,1,1,1,0,0,1,1,0,1
2839,1,0,0,0,0,0,1,0,1
2841,1,0,0,1,0,0,0,0,1
284,1,0,0,0,0,0,0,0,1
2845,0,1,1,0,1,1,1,0,1
2846,0,0,0,0,0,0,0,0,1
2847,0,0,0,1,0,1,1,0,1
2850,0,0,0,0,0,0,0,0,1
2851,0,0,0,0,0,0,1,0,1
2852,0,1,1,0,0,1,1,0,1
2854,1,1,0,1,0,1,1,0,1
285,1,1,1,1,1,1,1,1,1
2858,1,1,0,0,0,1,1,0,1
2861,0,1,0,0,0,0,0,0,1
286,0,1,0,0,0,0,0,0,1
2864,1,1,1,0,0,0,1,0,1
2869,0,0,0,0,0,0,1,0,1
2872,1,0,0,0,0,0,0,0,1
2878,0,1,1,0,1,1,1,1,0
2880,0,1,1,1,1,1,1,0,0
2881,0,1,1,1,1,1,1,1,0
2882,1,0,0,1,0,0,0,0,1
2885,1,1,1,0,0,1,1,0,1
288,0,0,1,0,0,1,1,0,1
2886,1,0,0,1,0,0,0,0,1
2888,1,0,0,0,0,0,0,0,1
2889,0,0,0,1,0,0,0,0,1
2890,1,0,0,0,0,1,0,0,1
2891,0,1,0,1,0,1,1,0,0
289,1,0,1,1,1,1,1,0,1
2892,0,0,0,0,0,0,1,0,1
2894,1,1,1,1,0,1,1,0,1
2895,0,0,1,1,1,1,1,0,0
2896,0,0,0,1,0,0,1,0,1
2897,0,1,1,1,1,1,1,1,0
2901,1,0,0,1,0,1,0,0,1
2906,0,0,1,1,0,1,1,0,1
2907,1,1,1,1,0,1,1,0,1
2908,0,1,1,0,1,1,1,0,0
290,0,1,1,1,0,1,1,1,0
2909,1,0,0,0,0,0,1,0,1
2910,1,0,1,1,0,1,1,0,0
2911,1,1,0,0,0,0,0,0,1
291,1,0,0,0,0,0,0,0,1
2912,0,0,0,0,0,0,1,0,1
2915,1,0,0,0,0,0,0,0,1
29,0,1,1,1,0,1,1,1,0
2919,1,0,0,1,0,1,0,0,1
2920,0,1,1,0,0,1,1,0,0
2923,0,1,1,1,1,1,1,0,0
292,0,0,0,1,0,0,0,0,1
2924,0,1,1,0,0,1,1,0,1
2927,1,0,0,1,0,0,0,0,1
2929,1,0,0,1,0,1,1,0,0
293,0,1,1,1,1,1,1,1,0
2933,0,1,1,1,0,1,1,0,0
2934,0,1,1,0,0,1,1,1,0
2935,0,0,0,1,0,0,0,0,1
2936,0,1,1,0,1,1,1,1,0
2938,0,1,1,0,1,1,1,1,0
2939,0,0,0,1,0,0,0,0,1
2940,1,0,0,0,0,1,1,0,1
2941,1,0,0,0,0,0,0,0,0
2942,0,0,0,1,0,0,0,0,1
2943,0,1,1,1,0,1,1,0,1
2947,0,0,0,1,0,1,0,0,1
2948,0,0,0,0,0,0,1,0,1
2952,0,0,1,1,0,1,1,0,1
2953,0,1,1,0,1,1,1,0,0
2955,1,0,0,0,0,0,0,0,1
2957,0,1,1,1,1,1,1,1,0
2959,0,1,1,1,1,1,1,1,0
2961,0,0,0,1,0,0,1,0,1
2963,0,1,1,0,1,1,1,1,0
2964,0,0,0,0,0,1,1,0,1
2970,1,0,0,0,0,0,0,0,1
2971,0,1,1,0,0,1,1,1,0
2974,1,0,0,1,0,0,1,0,1
297,0,0,0,0,0,0,0,0,1
2979,1,1,0,0,0,1,1,0,0
298,0,0,1,1,0,0,0,0,1
2985,0,1,1,0,1,1,1,1,0
2986,0,0,0,1,0,0,0,0,1
2988,0,0,0,0,0,1,0,0,1
2994,1,0,0,1,0,0,0,0,1
299,1,1,1,0,0,1,1,1,1
2995,0,1,1,1,0,0,1,0,1
2996,0,0,0,0,0,0,0,0,1
2997,0,0,1,0,0,1,1,0,1
2998,0,1,1,1,1,1,1,1,1
2999,0,1,1,0,0,1,1,0,1
3003,1,0,0,0,0,0,0,0,1
3004,1,0,0,0,0,1,0,0,1
3007,0,1,1,1,0,1,1,0,1
3008,0,1,1,1,1,1,1,1,0
3010,0,0,1,0,0,1,1,0,1
3011,1,1,1,0,0,0,1,0,0
301,1,0,0,1,0,1,1,0,1
3013,1,1,1,1,0,1,1,0,1
3018,0,1,1,0,1,1,1,1,1
3019,0,0,0,1,0,0,1,0,0
3020,1,0,0,1,0,0,0,0,1
3021,1,1,0,1,0,0,0,0,1
3024,0,0,0,0,0,0,1,0,1
3032,0,0,1,1,0,1,1,0,1
3034,0,0,0,1,0,0,0,0,1
3037,0,1,1,1,1,1,1,1,0
3038,1,0,0,1,0,0,0,0,1
3039,0,1,1,0,1,1,1,0,0
3040,1,0,0,1,0,1,0,0,1
3044,1,0,1,0,0,0,1,0,1
304,0,1,1,1,1,1,1,0,0
3046,1,0,1,0,0,0,0,0,1
3048,0,1,1,1,0,1,1,0,0
3049,0,1,1,1,1,1,1,1,0
305,0,1,0,1,0,1,0,0,1
3052,0,1,1,1,1,1,1,1,0
3055,1,0,1,0,1,1,1,1,0
3061,0,1,1,0,0,1,1,1,1
306,1,0,0,1,0,1,0,0,1
3062,0,1,1,1,1,1,1,1,1
3063,0,1,1,1,1,1,1,1,0
3065,0,1,1,0,1,1,1,1,0
3067,0,1,0,0,0,1,1,0,1
3068,0,1,1,1,1,1,1,1,0
3071,1,0,0,0,0,0,0,0,1
3072,0,0,0,0,0,0,0,0,1
3074,0,0,0,0,0,1,1,0,1
3076,1,0,0,1,0,0,0,0,1
3077,1,0,1,0,0,0,1,0,1
3079,1,1,0,0,0,0,0,0,1
3080,1,0,0,0,0,0,0,0,0
3083,1,0,0,0,0,0,0,0,1
308,1,0,0,0,0,1,0,0,1
3085,0,0,1,1,1,1,1,0,0
3091,0,1,1,0,1,1,1,1,0
3092,0,1,1,0,1,1,1,1,0
3093,0,0,0,0,0,0,1,0,1
3094,1,1,1,0,0,1,1,1,1
309,0,0,1,0,1,1,1,1,1
3097,1,0,0,0,0,0,0,0,1
3098,0,1,1,1,0,1,1,1,1
3101,1,0,0,1,0,0,0,0,1
310,1,0,0,1,0,0,0,0,1
3105,1,0,0,1,0,1,0,0,1
3106,1,0,0,0,0,0,0,0,1
3108,0,0,0,1,0,0,0,0,1
3109,0,1,1,0,0,1,1,0,0
3110,1,1,1,0,0,1,1,0,1
311,1,0,0,0,0,1,0,0,1
3112,0,0,0,1,0,0,1,0,1
3113,0,0,0,0,0,0,1,0,1
3114,1,0,0,0,0,0,0,0,1
3115,1,1,1,1,0,1,1,1,1
3120,1,0,0,1,0,0,0,0,1
3123,0,1,0,0,0,0,1,0,1
312,0,0,0,0,0,1,1,0,1
3128,0,0,1,1,1,1,1,0,1
3133,0,1,1,0,1,0,1,0,1
3137,0,0,0,1,0,0,0,0,1
3138,0,0,0,1,0,0,0,0,1
3140,0,1,1,0,0,1,1,0,1
314,1,0,1,1,0,0,1,0,1
3144,0,1,1,0,0,1,1,1,0
3147,0,1,1,1,0,1,1,1,0
3148,0,0,0,0,0,0,1,0,1
3149,1,0,1,0,0,1,1,1,1
3150,0,1,1,1,1,1,1,0,0
315,1,0,0,1,0,0,0,0,1
3152,0,0,1,0,0,0,1,0,1
3157,1,0,0,1,0,0,0,0,1
3158,0,0,0,1,0,0,0,0,1
3159,1,0,1,0,0,1,1,0,0
3160,1,1,1,0,0,0,1,0,1
3163,1,0,1,1,0,1,1,0,1
3167,1,1,1,0,0,0,1,0,1
3168,1,0,0,0,0,0,0,0,1
3169,1,0,0,0,0,0,0,0,1
3170,0,1,1,0,1,1,1,0,0
3173,1,0,0,1,0,1,0,0,1
3175,0,0,0,1,0,1,1,0,1
317,1,1,1,0,0,1,0,0,1
3176,0,0,0,1,0,1,0,0,1
3177,0,0,0,1,0,1,1,0,1
3179,0,1,1,0,1,1,1,1,0
3180,1,0,0,0,0,0,0,0,1
3187,0,0,0,0,0,0,0,0,1
3189,0,1,1,0,0,1,1,1,1
3191,0,1,1,0,1,1,1,0,0
319,0,0,0,1,0,0,1,0,1
3196,0,1,1,1,1,1,1,1,0
3198,1,0,0,0,0,0,1,0,1
3201,1,0,0,1,0,0,0,0,1
3202,1,0,1,0,0,1,1,0,1
3203,0,1,1,1,1,1,1,0,0
320,0,0,0,0,0,0,1,0,1
3204,1,0,0,0,0,0,0,0,1
3205,1,1,1,0,0,1,1,1,1
3206,0,1,1,1,1,1,1,1,0
3207,0,0,0,1,0,0,0,0,1
3208,0,1,1,1,1,1,1,0,1
3211,1,0,1,1,0,1,1,0,1
3212,0,1,1,0,0,1,1,1,1
3214,0,0,0,0,0,0,1,0,1
3216,0,1,0,0,0,1,1,1,0
3217,0,1,1,0,1,1,1,1,0
3218,0,0,1,1,1,1,1,1,1
3222,0,0,0,0,0,1,1,0,1
3226,0,1,1,0,1,1,1,1,1
322,0,1,1,1,0,1,1,1,0
3229,1,0,0,0,0,0,0,0,1
3230,0,1,1,1,1,1,1,0,0
3232,0,1,1,0,1,1,1,1,0
3235,0,1,1,0,1,1,1,0,1
3237,1,0,0,1,0,0,0,0,1
3240,0,1,1,1,1,1,1,0,0
3241,0,0,0,1,0,0,0,0,1
3242,1,0,1,0,0,0,1,0,1
32,0,0,0,1,0,1,0,0,0
3248,0,1,1,1,1,1,1,1,0
3249,0,1,1,1,1,1,1,1,0
3250,0,1,0,0,1,1,1,1,1
3253,0,1,1,1,0,1,1,1,0
3255,0,0,0,1,0,0,0,0,1
3257,1,0,0,1,0,0,0,0,1
3258,0,1,1,1,0,1,1,1,0
3261,0,1,1,1,0,1,1,1,1
3262,0,0,0,1,0,1,1,0,1
3263,0,0,0,0,0,0,0,0,1
3264,0,0,0,1,0,0,1,0,1
3268,0,1,1,0,1,1,1,0,0
3271,0,0,1,1,0,1,1,0,1
3274,1,0,0,0,0,0,0,0,1
3275,1,0,0,1,0,0,0,0,1
327,1,0,0,1,0,0,0,0,1
3277,0,1,1,1,1,1,1,0,0
328,1,0,0,1,0,0,0,0,1
3285,1,0,0,0,0,0,1,0,1
3287,0,0,1,0,0,1,1,0,0
3291,0,0,0,0,0,0,1,0,1
3292,0,0,0,0,0,0,1,0,1
3294,1,1,1,0,0,1,0,0,1
3295,0,0,0,1,0,1,1,0,1
3296,0,1,1,0,1,1,1,1,0
3297,0,1,1,0,0,1,1,1,1
3301,1,0,0,0,0,0,0,0,1
3303,0,1,0,0,0,1,1,0,1
3305,0,0,0,1,0,0,1,0,0
3307,0,1,1,0,0,1,1,0,1
3308,0,0,0,0,0,0,0,0,1
3311,0,1,1,1,0,1,1,1,0
3312,0,0,0,0,0,0,1,0,1
3313,0,1,1,0,1,1,1,1,1
3318,0,1,1,1,0,1,1,0,0
3319,0,1,1,1,0,1,1,1,0
3320,0,1,1,0,0,1,1,0,1
3321,0,1,1,1,0,1,1,0,0
3325,1,0,0,0,0,0,0,0,1
3326,0,1,1,1,0,1,1,1,0
3327,0,1,0,1,1,1,1,0,0
3328,0,1,1,1,1,1,1,1,0
3329,1,0,1,1,0,0,1,0,0
3330,0,1,1,1,1,1,1,0,0
333,1,0,0,0,0,0,0,0,0
3337,1,0,0,0,0,0,0,0,1
3339,0,1,1,1,1,1,1,1,0
3341,0,0,1,1,0,1,1,0,0
3342,0,0,0,1,0,0,0,0,1
3343,1,1,0,0,0,0,0,0,1
3347,0,0,0,0,0,0,1,0,1
3348,0,1,1,0,1,1,1,1,0
3350,1,1,1,0,0,1,1,0,1
3352,1,0,0,1,0,0,0,0,1
3353,0,1,1,0,1,1,1,0,0
3354,0,0,1,1,0,0,1,0,1
335,1,0,0,0,0,0,0,0,1
336,0,1,0,1,0,1,1,0,0
3363,0,0,0,1,0,1,0,0,1
3364,1,0,0,0,0,0,0,0,1
3371,0,1,0,0,0,1,1,0,0
337,0,1,1,0,1,1,1,1,0
3374,0,1,1,1,1,1,1,0,0
3375,0,1,1,0,1,1,1,1,0
3376,0,1,1,0,1,1,1,1,0
3377,0,0,0,1,0,1,1,0,0
3380,0,1,1,0,1,1,1,1,1
3382,0,1,1,1,0,1,1,0,0
338,0,0,1,1,0,1,1,0,1
3385,0,0,1,0,1,1,1,0,0
3386,0,1,1,0,1,1,1,1,0
3391,0,1,1,1,1,1,1,1,0
339,1,1,1,0,0,1,1,0,1
3394,1,0,0,1,0,1,0,0,1
3395,0,0,0,1,0,0,0,0,0
3397,0,0,0,1,0,0,0,0,1
3401,1,0,0,0,0,0,0,0,1
340,1,0,0,0,0,1,0,0,1
3403,1,1,1,0,0,1,1,0,1
3404,1,0,0,1,0,1,0,0,1
3405,0,0,0,1,0,0,1,0,1
3407,0,1,1,0,1,1,1,1,0
3409,0,1,1,1,1,1,1,0,0
3410,0,1,1,1,1,1,1,0,0
3412,1,1,1,0,0,1,1,0,1
3414,1,0,1,1,0,0,0,0,1
3416,1,0,0,0,0,1,1,0,1
3417,0,0,0,0,0,0,1,0,1
3418,0,1,1,1,1,1,1,1,0
3419,0,1,1,0,0,1,1,1,1
342,1,1,1,0,0,1,1,0,1
3421,0,0,0,1,0,0,0,0,1
3422,0,0,0,0,0,0,1,0,0
3423,1,1,0,1,0,1,1,0,1
3424,0,0,1,1,1,1,1,1,1
3425,0,1,1,0,0,1,1,0,0
3426,0,1,1,0,1,1,1,1,0
3427,0,0,0,0,0,1,1,0,1
3430,1,0,0,0,0,0,0,0,1
3431,0,1,1,0,1,1,1,1,0
3435,0,0,1,1,1,1,1,0,1
3437,0,1,1,0,1,1,1,1,0
3441,0,0,0,0,0,0,1,0,1
3442,0,1,1,1,0,1,1,0,0
3444,1,0,0,0,0,0,0,0,1
344,0,1,1,1,1,1,1,1,0
3446,1,0,0,1,0,0,0,0,1
3449,0,1,1,0,1,1,1,1,0
3451,0,1,1,0,0,1,1,1,0
345,0,0,0,0,0,0,0,0,1
3452,0,1,1,0,0,1,1,0,0
3454,0,0,0,1,0,1,0,0,0
3457,0,0,1,0,0,1,1,0,1
3460,0,0,0,0,0,0,1,0,1
346,0,1,1,0,1,1,1,1,1
3462,0,1,1,0,0,1,1,1,0
3463,1,0,0,1,0,0,0,0,1
3464,1,0,0,1,0,1,0,0,1
3465,0,1,1,1,1,1,1,0,0
3466,0,1,1,1,1,1,1,1,1
3467,0,1,1,1,1,1,1,1,0
3469,0,1,1,0,1,1,1,0,1
3470,1,0,0,0,0,0,0,0,1
3473,0,1,1,1,1,1,1,0,0
3474,1,0,1,1,0,0,1,0,1
3476,0,0,0,1,0,0,0,0,1
347,1,1,1,0,0,1,1,0,1
3478,0,1,1,1,1,1,1,1,0
3479,0,0,0,0,0,0,1,0,1
348,0,0,0,0,0,0,0,0,1
3485,1,1,1,1,0,1,1,0,1
3487,0,1,1,0,0,1,1,0,1
3488,0,1,1,1,0,1,1,1,0
3496,0,1,1,0,1,1,1,1,0
3497,0,1,1,1,1,1,1,0,0
3501,1,0,0,0,0,0,0,0,1
3504,1,0,1,1,0,1,1,0,1
3506,0,0,1,0,0,1,1,0,0
3507,0,1,1,1,0,1,1,0,0
3509,1,0,0,0,0,1,1,0,0
3511,1,0,0,1,0,0,0,0,1
3519,0,1,1,0,1,1,1,1,0
3521,0,0,0,1,0,0,0,0,1
352,0,0,0,1,0,0,1,0,1
3522,0,0,0,0,0,0,0,0,1
3523,0,0,0,0,0,0,1,0,1
3525,0,1,1,1,1,1,1,0,0
3528,1,0,0,0,0,0,0,0,1
3529,1,0,0,1,0,0,0,0,1
3533,0,0,0,1,0,1,0,0,1
35,0,1,1,0,0,1,1,0,1
3537,1,0,0,1,0,0,0,0,1
3538,1,0,0,1,0,0,0,0,1
3540,0,0,0,0,0,1,1,0,1
3543,0,1,1,1,0,1,1,0,1
354,1,0,0,0,0,0,0,0,1
3546,0,1,1,0,1,1,1,1,1
3547,1,0,0,1,0,0,1,0,1
3549,0,1,1,0,0,1,1,1,0
3550,0,1,1,1,1,1,1,1,1
355,0,1,1,0,1,1,1,1,0
3552,0,1,1,0,1,1,1,1,1
3555,0,1,1,0,0,1,1,0,1
3558,0,1,1,1,0,1,1,1,0
3559,0,0,0,1,0,0,0,0,1
3561,0,1,1,0,0,1,1,1,1
3562,0,1,1,1,1,1,1,1,0
3563,1,1,0,0,0,0,0,0,1
3565,0,1,1,0,0,1,1,0,0
3567,1,0,0,1,0,1,0,0,1
3570,1,1,1,1,1,1,1,1,0
3571,0,0,0,0,0,0,0,0,1
3574,0,1,1,1,0,1,1,0,1
3577,1,0,0,0,0,0,1,0,1
3578,0,1,0,1,0,1,1,0,0
3580,0,0,1,0,0,1,0,1,0
3582,1,0,1,0,0,1,1,0,1
3588,1,0,0,1,0,0,1,0,1
3589,1,0,0,1,0,0,1,0,1
3590,1,0,0,0,0,0,0,0,1
359,1,0,0,1,0,0,0,0,1
3592,0,0,1,1,0,1,1,0,1
3593,0,1,0,1,0,1,0,0,1
3594,0,1,1,0,1,1,1,1,0
3595,0,1,1,1,1,1,1,1,0
3596,1,0,0,0,0,1,0,0,1
3598,0,1,0,0,0,1,1,1,0
3599,0,1,1,0,0,1,1,0,1
3600,0,1,1,1,0,1,1,1,0
3602,0,1,1,0,1,1,1,0,0
3603,0,1,1,1,1,1,1,1,0
3604,0,1,1,0,1,1,1,1,0
3605,0,0,0,0,0,0,1,0,1
3606,1,1,1,1,0,0,1,0,1
3609,0,0,0,0,0,0,0,0,1
3611,1,0,0,0,0,1,0,0,1
361,0,0,0,0,0,0,1,0,1
3612,1,0,1,1,0,0,0,0,1
3613,1,1,1,1,1,1,1,0,0
3615,0,1,0,1,0,1,0,0,1
3616,0,0,0,0,0,0,1,0,1
3617,0,0,1,0,0,0,0,0,1
3618,0,0,0,0,0,1,1,0,1
3619,0,1,1,1,1,1,1,0,0
362,1,1,0,1,0,0,0,0,1
3625,1,0,0,0,0,0,0,0,1
3628,1,0,0,1,0,1,0,0,1
3632,1,0,0,1,0,0,0,0,1
3637,0,1,1,0,1,1,1,1,0
363,1,1,0,0,0,0,0,0,1
36,0,1,1,1,0,1,1,0,1
3638,1,0,0,0,0,0,0,0,1
364,0,1,1,0,1,1,1,1,0
3646,0,0,1,0,0,0,1,0,1
3650,0,0,0,0,0,0,0,0,1
3651,1,0,1,1,0,0,1,0,1
3656,0,1,1,1,1,1,1,1,0
3657,1,1,1,1,0,1,1,0,1
3661,0,1,1,1,1,1,1,1,0
3663,1,0,0,1,0,0,0,0,1
3664,1,0,0,0,0,0,0,0,1
3665,0,1,1,1,1,1,1,1,0
3666,1,1,1,0,0,1,1,1,0
3668,0,1,1,1,1,1,1,0,0
3670,0,1,1,0,1,1,1,1,0
3672,0,1,1,0,0,1,1,0,1
3673,0,0,1,0,0,1,1,0,1
3675,0,1,1,1,1,1,1,1,0
3677,0,0,1,1,1,1,1,1,1
3678,1,0,0,0,0,0,0,0,1
3682,0,1,1,1,0,1,1,1,0
3683,0,0,0,1,0,1,1,0,1
3685,1,1,0,1,0,0,0,0,1
3686,1,0,0,1,0,0,0,0,1
368,0,0,0,1,0,0,0,0,1
3689,1,0,0,1,0,0,0,0,1
3690,1,0,0,1,0,1,0,0,1
3692,0,0,0,0,0,1,1,0,1
3693,0,0,0,1,0,0,1,0,1
3696,0,1,1,1,1,1,1,0,0
3697,1,0,0,1,0,0,0,0,1
3699,0,1,1,1,1,1,1,1,0
3700,0,1,1,0,1,1,1,0,0
3701,0,0,0,1,0,0,0,0,1
370,1,1,0,0,0,0,0,0,1
3702,0,0,0,1,0,1,1,0,1
3703,0,0,0,1,0,0,0,0,1
3704,0,0,1,1,0,1,1,0,0
3705,1,0,0,0,0,0,0,0,1
3706,0,1,1,0,1,1,1,0,0
3707,0,1,1,1,1,1,1,0,0
371,0,1,1,1,1,1,1,1,1
3718,0,1,1,1,0,1,1,0,0
3719,0,1,1,0,1,1,1,1,0
3721,0,1,1,1,0,1,1,1,0
372,0,1,1,0,1,1,1,1,0
3726,0,0,0,0,0,0,1,0,1
3727,0,0,0,1,0,1,1,1,1
3728,1,0,0,1,0,0,0,0,1
3730,1,0,0,1,0,0,0,0,1
3731,1,0,0,1,0,0,0,0,1
373,1,1,0,0,0,1,1,0,1
3735,0,0,0,0,0,1,1,0,1
3737,0,1,1,0,1,1,1,1,0
3738,0,0,0,1,0,0,0,0,1
3739,1,0,0,0,0,0,0,0,1
3741,0,1,1,0,1,1,1,0,0
374,0,0,0,1,0,0,0,0,1
3743,0,1,1,0,1,1,1,0,0
3746,0,1,1,1,1,0,1,0,0
3747,1,1,0,0,0,1,0,0,1
3748,0,1,1,1,1,1,1,1,0
3750,0,1,1,1,0,1,1,1,0
3751,0,0,0,0,0,1,1,0,1
3752,1,0,0,0,0,0,0,0,1
3753,0,1,1,1,1,1,1,1,0
3754,0,1,1,0,0,1,1,0,1
3760,1,0,0,1,0,0,0,0,1
3761,1,0,0,1,0,1,1,0,1
3762,0,0,0,0,0,1,1,0,1
3764,1,0,0,1,0,0,0,0,1
376,1,0,0,1,0,0,0,0,1
3767,1,0,0,1,0,0,0,0,1
3768,0,1,1,1,1,1,1,0,0
3769,0,1,1,0,1,1,1,0,0
3772,1,0,1,0,0,1,0,0,1
377,1,1,0,0,0,0,0,0,1
3774,1,0,0,1,0,1,1,0,1
3775,0,1,1,0,1,1,1,1,0
3777,1,0,0,0,0,0,0,0,1
3779,0,0,0,0,0,0,0,0,1
3781,0,1,1,1,1,1,1,1,0
3782,0,0,0,1,0,0,0,0,1
3783,0,1,1,0,1,1,1,1,0
3784,0,1,1,1,1,1,1,0,0
3787,0,1,1,0,0,1,1,1,1
37,0,0,0,1,1,1,1,1,0
3789,0,1,0,0,0,0,0,0,0
3791,1,0,0,1,0,0,0,0,1
3,1,0,0,0,0,0,0,0,1
3793,1,0,0,1,0,1,0,0,1
3794,0,1,1,1,1,1,1,1,0
3796,0,1,1,1,1,1,1,1,0
3798,0,1,1,1,1,1,1,0,1
3799,1,0,1,1,0,1,1,1,0
3801,1,0,0,0,0,0,0,0,1
3809,0,1,0,0,0,0,0,0,1
3810,0,0,0,0,0,1,1,0,0
3813,0,1,1,1,1,1,1,1,0
38,0,0,0,0,0,1,1,0,1
3815,0,0,0,1,0,0,0,0,1
3816,0,1,1,1,1,1,1,1,1
3818,1,1,1,0,1,1,1,1,1
3820,0,1,1,1,0,1,1,1,1
3822,1,1,0,0,0,1,1,0,1
3823,1,0,0,0,0,0,1,0,1
3824,1,0,0,1,0,1,1,0,1
3826,1,0,0,0,0,0,0,0,1
3827,0,1,1,0,1,1,1,0,0
3828,0,1,1,1,0,1,1,1,1
3831,1,0,0,1,0,0,0,0,1
3833,1,0,0,0,0,0,1,0,1
3835,0,1,0,0,0,0,1,0,1
3836,0,1,0,0,0,1,1,0,1
3839,1,0,0,1,0,1,0,0,1
3842,1,0,1,1,0,1,1,0,1
3843,0,0,0,0,0,0,0,0,1
3844,0,1,1,1,0,1,1,1,0
3846,0,1,1,1,1,1,1,1,0
3847,0,1,1,0,0,1,1,0,1
3848,0,1,1,1,1,1,1,1,0
3849,0,1,1,0,1,1,1,0,0
3850,1,1,0,1,0,1,1,0,1
3854,0,1,1,0,1,1,1,1,0
3856,0,1,1,1,1,1,1,1,0
385,1,0,1,0,0,0,0,0,1
3858,0,1,1,0,1,1,1,1,0
3860,0,1,1,0,0,1,1,0,1
3863,1,1,1,1,0,1,1,0,1
3865,0,1,1,0,1,1,1,1,0
3866,0,1,1,0,1,1,1,1,0
3869,1,0,0,1,0,0,0,0,1
3870,0,0,0,0,0,0,1,0,1
3873,0,0,0,0,0,0,1,0,1
3874,0,0,0,0,0,0,1,0,1
3875,0,0,0,1,0,0,1,0,1
387,0,0,0,1,0,0,0,0,1
3876,1,0,0,1,0,0,0,0,1
3877,0,1,1,1,1,1,1,1,0
3881,1,1,0,0,0,0,0,0,0
3883,0,0,1,0,0,1,1,0,1
388,0,1,0,0,0,0,0,1,0
3886,1,0,0,1,0,1,0,0,1
3888,1,1,1,1,0,1,1,1,1
3891,0,0,0,1,0,0,0,0,1
3893,0,1,0,1,0,1,1,0,0
3894,1,0,0,1,0,0,0,0,1
3895,0,1,1,1,1,1,1,1,0
3896,1,0,0,0,0,0,0,0,1
3897,0,1,1,1,0,1,1,0,0
3901,0,0,0,1,0,1,1,0,1
3902,1,1,1,0,0,1,1,1,0
390,0,1,1,1,1,1,1,1,0
3905,0,0,1,1,0,1,1,0,0
3907,0,1,1,1,0,1,1,0,1
3908,1,0,0,0,0,1,1,0,0
3909,1,1,0,0,0,0,0,0,1
3910,1,0,0,0,0,0,0,0,1
3913,1,0,0,1,0,1,1,0,0
3914,1,1,0,0,0,1,1,0,0
391,0,0,1,1,0,1,1,0,0
3917,0,1,1,0,0,1,1,0,0
3919,1,0,1,0,0,1,1,0,1
3920,0,0,0,0,0,1,1,0,0
3921,0,1,1,1,0,1,1,0,1
3923,1,0,1,1,0,0,0,0,1
3924,0,0,0,1,0,0,0,0,1
3925,0,1,0,1,0,1,1,1,0
3926,0,1,1,1,1,1,1,0,0
3929,0,1,1,1,1,1,1,0,0
3932,1,0,0,0,0,1,0,0,1
3936,1,0,0,0,0,0,0,0,1
393,0,0,0,0,0,0,0,0,1
3937,0,1,1,0,1,1,1,1,0
3938,0,1,1,0,0,1,1,1,1
3941,0,1,1,0,1,1,1,1,0
3943,0,0,0,1,0,0,0,0,1
3945,0,1,1,0,0,1,1,1,0
394,0,1,1,0,0,1,1,0,1
3946,1,0,0,1,0,1,0,0,1
3947,0,1,1,1,1,1,1,1,0
39,0,0,1,1,0,1,1,1,0
3952,1,0,0,1,0,0,0,0,1
395,0,1,0,1,1,1,1,0,0
3954,1,0,0,0,0,0,0,0,1
3955,0,1,1,0,0,0,1,0,1
3956,1,1,1,0,0,0,1,0,0
3961,0,1,0,0,0,0,0,0,1
3965,1,1,1,0,0,1,1,1,1
396,0,0,1,1,0,1,1,0,1
3971,0,0,0,0,0,0,0,0,1
3973,0,1,1,0,1,1,1,0,0
397,1,0,0,0,0,0,1,1,1
3979,0,1,1,1,0,1,1,1,0
3980,1,1,0,0,0,0,0,0,1
3982,1,0,0,0,0,0,1,0,1
3983,1,1,0,0,0,0,1,0,1
398,1,0,1,1,0,0,1,0,1
3986,0,1,0,1,0,1,1,0,0
3987,1,0,0,1,0,0,0,0,1
3988,0,0,0,1,0,0,1,0,1
3989,0,0,0,0,0,0,0,0,1
3992,0,0,0,0,0,1,1,0,1
399,0,1,1,1,1,1,1,1,0
3994,1,1,0,0,0,0,0,0,1
3998,0,1,1,1,0,1,1,0,1
3999,0,1,1,0,1,1,1,1,0
4000,0,0,0,0,0,0,0,0,1
400,0,0,0,1,0,1,1,0,1
401,0,1,1,0,1,1,1,1,0
402,1,0,0,1,0,0,0,0,1
405,0,0,0,1,0,1,1,0,0
407,0,1,1,1,1,1,1,0,0
408,1,0,0,1,0,0,0,0,1
412,0,1,1,1,1,1,1,1,0
413,0,1,1,0,1,1,1,1,0
415,0,1,1,0,0,1,1,1,0
416,1,1,0,0,0,0,0,0,1
41,1,1,0,0,0,1,0,0,0
417,0,1,1,1,1,1,1,0,1
421,0,1,1,0,0,1,1,0,0
422,1,0,0,0,0,0,0,0,1
423,1,0,1,0,0,0,1,1,1
424,0,0,0,0,0,0,1,0,1
425,1,0,0,1,0,0,0,0,1
426,0,1,1,1,0,1,1,1,0
428,1,0,1,0,0,1,1,0,1
429,1,0,0,0,0,0,0,0,1
430,1,0,0,0,0,0,0,0,0
433,0,1,1,1,0,1,1,1,0
436,0,0,1,1,0,1,1,0,1
437,0,1,1,1,0,1,1,1,0
438,0,0,0,0,0,0,0,0,1
439,0,0,0,1,0,0,0,0,1
440,0,0,0,1,0,0,0,0,1
444,0,1,1,0,1,1,1,1,1
445,0,1,1,0,0,1,1,0,0
4,0,1,1,0,1,1,1,0,0
452,1,1,0,1,0,1,1,0,1
455,0,0,0,0,0,0,0,0,1
456,1,1,1,1,0,1,1,1,1
459,0,1,1,0,1,1,1,0,0
462,1,0,0,1,0,0,0,0,1
464,0,0,0,1,0,1,1,0,0
465,1,0,0,1,0,0,0,0,1
466,1,1,0,0,0,0,0,0,1
469,0,0,0,0,0,0,1,0,1
470,0,1,1,1,1,1,1,1,0
472,0,1,1,1,1,1,1,1,0
473,0,1,1,1,1,1,1,0,0
476,1,1,0,1,0,1,0,0,1
479,0,1,1,1,1,1,1,1,0
480,0,0,0,1,0,0,1,0,1
481,0,1,1,0,1,1,1,1,0
48,0,1,1,0,0,0,1,1,1
484,0,1,1,1,1,1,1,1,0
485,0,1,1,1,1,1,1,1,0
487,0,1,1,1,1,1,1,0,0
488,0,1,1,0,0,1,1,1,0
490,0,0,1,0,1,1,1,1,0
491,0,0,0,1,0,0,0,0,1
493,0,0,1,1,1,1,1,1,0
494,1,0,1,0,0,1,1,0,1
495,0,1,1,1,0,1,1,1,0
496,0,1,0,0,1,1,1,1,0
497,0,1,1,1,0,1,1,1,0
500,0,1,1,0,1,1,1,0,0
501,1,0,0,0,1,1,0,0,1
502,1,0,0,1,0,0,0,0,1
50,0,1,1,1,1,1,1,0,0
504,0,1,1,0,0,1,1,0,1
507,0,0,0,1,0,1,0,0,0
509,0,0,0,1,0,0,0,0,1
510,0,1,1,1,1,1,1,1,0
511,0,1,1,0,0,1,1,1,0
51,0,0,0,1,0,0,0,0,1
515,0,0,1,1,0,1,1,0,1
518,0,0,0,0,0,0,1,0,1
525,0,1,1,0,1,1,1,1,0
526,0,1,1,0,1,1,1,0,0
527,1,0,0,0,0,0,0,0,0
532,0,1,1,0,1,1,1,1,1
533,1,1,0,1,0,1,1,0,1
534,0,1,1,1,1,1,1,1,0
538,0,0,0,1,0,0,1,0,1
540,1,0,0,0,0,0,0,0,1
541,1,1,1,0,0,1,1,0,1
543,0,1,1,1,1,1,1,0,0
54,0,0,0,0,0,0,0,0,1
546,1,0,1,0,0,1,1,0,1
547,0,0,0,1,0,1,0,0,1
549,0,0,0,0,0,1,1,0,1
556,0,0,1,0,1,1,1,1,1
558,0,0,0,1,0,0,0,0,1
559,1,0,0,1,0,0,0,0,1
560,0,1,1,1,0,1,1,1,0
562,1,1,0,1,0,0,0,0,1
563,0,1,1,0,1,1,1,1,0
566,1,0,0,0,0,0,0,0,1
567,0,1,1,1,1,1,1,1,0
573,1,0,0,0,0,0,0,0,1
574,0,0,0,0,0,0,0,0,1
5,0,1,1,0,1,1,1,1,0
576,1,0,0,1,0,1,0,0,1
580,0,1,0,0,1,1,1,0,1
58,1,0,0,0,0,1,1,0,1
586,1,1,1,0,0,1,1,0,1
590,1,1,0,0,0,1,1,0,1
593,0,1,1,1,1,1,1,1,0
594,0,0,0,0,0,0,1,0,1
595,0,0,0,1,0,0,0,0,1
597,0,1,1,1,1,1,1,1,0
598,0,0,1,1,0,1,1,0,0
600,0,1,1,1,1,1,1,1,0
60,1,0,0,1,0,0,0,0,1
602,0,1,1,0,0,1,1,0,1
603,0,1,1,0,0,1,1,1,0
607,0,1,1,1,1,1,1,1,0
608,0,1,1,1,1,1,1,0,0
609,0,1,1,1,0,0,1,1,0
614,1,0,0,1,0,1,0,0,1
615,0,1,1,0,0,1,1,0,1
6,1,1,0,0,0,0,1,0,1
621,0,1,0,1,0,1,1,0,1
626,1,0,0,1,0,1,0,0,1
628,0,1,1,1,0,1,1,1,1
629,0,0,0,0,0,0,0,0,1
630,0,1,1,0,1,1,1,1,0
632,1,0,0,0,0,0,0,0,1
63,1,1,1,0,1,1,1,1,0
635,0,1,1,1,0,1,1,1,1
638,1,0,0,0,0,1,0,0,1
639,0,0,0,0,0,0,0,0,1
640,0,1,1,1,0,1,1,1,0
641,0,1,1,1,1,1,1,0,0
643,0,1,1,0,1,1,1,1,0
644,0,0,0,0,0,1,0,0,0
645,1,0,0,1,0,1,1,0,1
646,0,1,1,1,1,1,1,1,0
649,0,0,0,0,0,0,0,0,1
651,0,1,1,0,1,1,1,1,1
65,1,0,0,1,0,0,0,0,1
652,0,0,0,0,0,0,1,0,1
654,0,0,0,1,0,0,0,0,1
656,0,0,0,1,0,0,0,0,1
657,1,0,0,1,0,0,0,0,1
658,0,1,1,1,1,1,1,1,0
659,0,1,1,0,1,1,1,1,0
661,1,0,0,1,0,0,0,0,1
662,0,1,1,0,1,1,1,1,0
664,0,0,0,0,0,0,1,0,1
666,0,1,1,0,1,1,1,1,1
667,0,1,1,0,0,1,1,0,0
669,0,0,0,1,0,0,0,0,1
671,0,1,1,1,1,1,1,1,1
672,0,1,1,0,1,1,1,1,0
673,0,0,0,1,0,1,1,0,1
674,1,0,0,0,0,0,1,0,1
675,0,0,0,1,0,1,0,0,0
67,1,0,1,0,0,1,1,1,1
676,0,0,0,0,0,0,0,1,0
678,1,0,0,0,0,0,1,0,1
680,0,0,0,1,0,0,0,0,1
681,1,0,0,1,0,1,0,0,1
682,0,0,0,0,0,0,0,0,1
683,0,0,0,0,0,0,1,0,1
684,0,1,1,1,1,1,1,1,0
685,1,0,0,1,0,1,0,0,1
68,0,0,0,0,0,1,1,0,1
688,0,1,1,1,1,1,1,0,0
689,0,1,1,1,0,1,1,1,0
69,0,1,1,0,1,1,1,1,0
692,1,0,0,1,0,0,0,0,1
694,0,0,0,0,0,1,1,0,1
695,1,1,0,0,0,1,1,0,1
698,0,1,1,1,0,1,1,0,0
701,0,1,1,1,1,1,1,1,0
703,1,0,0,1,0,1,0,0,1
705,0,1,0,0,0,0,0,0,1
707,1,0,0,0,0,0,0,0,1
708,1,0,0,0,0,0,0,0,1
709,0,1,1,0,1,1,1,1,0
710,0,0,0,1,0,0,0,0,1
712,1,0,1,1,0,1,1,0,0
714,1,0,0,1,0,0,0,0,1
71,1,0,1,1,0,1,1,0,1
716,1,0,0,0,0,0,0,0,1
7,1,1,0,0,0,0,0,0,1
720,0,0,0,0,0,0,0,0,1
721,0,0,0,1,0,0,1,0,1
722,1,0,1,0,0,0,1,0,1
723,0,1,1,1,0,1,1,0,0
726,0,1,1,1,0,1,1,0,0
728,0,0,0,0,0,0,1,0,1
732,0,0,0,0,0,0,1,0,1
733,1,0,0,1,0,0,1,0,1
734,0,0,1,0,0,1,1,0,1
735,0,1,1,0,0,1,1,1,1
736,0,0,1,1,1,1,1,0,1
738,1,0,0,1,0,0,0,0,1
739,1,0,0,1,0,0,0,0,1
742,0,1,1,0,0,1,1,0,1
744,1,1,0,0,0,0,0,0,1
74,0,0,0,0,0,0,0,0,1
747,0,1,1,0,0,1,1,0,1
749,0,1,1,0,0,1,1,0,1
752,0,0,1,0,1,1,1,1,0
75,1,0,0,0,0,0,0,0,1
756,1,0,0,0,0,0,1,0,1
759,1,0,1,0,0,0,1,0,1
760,1,0,0,0,0,0,0,0,1
761,0,1,1,1,1,1,1,0,0
767,0,1,1,0,1,1,1,0,0
768,1,0,0,0,0,0,0,0,1
769,1,0,1,1,0,1,1,0,1
772,0,1,1,1,1,1,1,0,0
775,1,1,0,1,0,1,0,0,0
77,1,0,0,0,0,0,0,0,1
776,0,1,1,1,1,1,1,1,0
779,1,1,0,0,0,0,0,0,1
78,0,1,1,0,0,0,1,0,0
782,1,1,0,0,0,1,1,0,1
783,1,0,0,1,0,0,0,0,1
787,1,1,0,0,0,0,0,0,1
788,0,1,1,0,1,1,1,1,0
790,0,0,0,0,0,0,1,0,1
791,0,0,0,0,0,0,1,0,1
79,1,1,0,0,0,0,1,0,1
792,0,1,1,0,0,1,1,0,1
794,1,0,0,1,0,1,0,0,1
795,0,0,0,1,0,0,1,0,1
798,0,0,0,1,0,0,1,0,1
799,0,1,1,1,1,1,1,1,1
800,1,0,1,1,1,1,1,1,1
802,0,0,0,0,0,0,0,0,1
803,0,1,1,0,0,1,1,0,1
805,1,1,1,1,0,1,1,0,1
806,1,0,1,0,0,1,1,0,1
807,0,1,1,1,0,1,1,0,0
808,1,0,0,0,0,0,0,0,1
809,0,0,0,1,0,1,1,0,0
810,1,0,0,0,0,0,0,0,1
81,0,1,1,1,1,1,1,1,1
811,0,1,1,1,0,1,1,0,0
812,0,1,1,1,0,1,1,0,0
813,0,1,1,0,1,1,1,0,0
814,0,1,1,0,1,1,1,1,0
815,1,0,1,1,0,1,1,0,0
816,1,0,0,0,0,0,0,0,1
818,1,0,0,1,0,0,0,0,1
821,0,0,0,1,0,0,0,0,1
822,1,0,0,0,0,0,0,0,1
827,1,0,0,1,0,0,0,0,1
828,1,0,0,0,0,0,0,0,0
8,0,1,1,0,1,1,1,1,0
830,0,1,1,0,1,1,1,0,0
838,0,0,0,1,0,0,0,0,1
839,1,0,0,0,0,0,0,0,1
841,1,0,0,0,0,1,1,0,1
84,0,0,0,0,0,0,1,0,1
842,1,1,0,1,0,1,1,0,1
843,1,0,0,0,0,1,1,1,0
845,1,0,0,1,0,1,0,0,1
846,0,0,1,0,1,1,1,1,1
847,1,0,0,1,0,0,0,0,1
848,1,0,0,1,0,0,0,0,0
850,0,1,1,1,0,1,1,1,1
85,0,1,1,1,0,1,1,1,1
851,0,0,0,1,0,0,0,0,1
852,1,0,0,0,0,0,0,0,1
853,0,1,1,1,0,1,1,1,0
856,0,0,0,0,0,0,0,0,1
857,0,1,1,0,1,1,1,1,0
862,0,1,1,1,1,1,1,1,0
870,0,1,1,0,1,1,1,1,1
87,1,0,1,0,0,1,1,0,1
872,1,0,0,1,0,1,0,0,1
873,1,0,0,1,0,0,0,0,1
876,0,0,0,1,0,0,0,0,0
878,0,1,1,1,0,1,1,1,0
881,1,1,0,1,0,1,0,0,1
882,0,1,1,1,0,1,1,0,1
883,0,1,0,1,0,1,1,0,1
884,1,0,0,1,0,1,1,0,0
887,0,0,0,1,0,0,0,0,1
890,1,0,0,1,0,0,0,0,1
891,0,0,0,1,0,1,1,0,1
893,1,1,1,0,0,0,1,0,1
894,0,1,1,0,0,1,1,1,0
89,1,0,0,1,0,0,0,0,1
899,0,1,1,1,1,1,1,0,0
900,0,0,0,1,0,0,0,0,1
904,1,0,1,1,0,0,1,0,1
905,0,0,1,0,0,0,1,0,1
906,1,0,0,1,0,0,0,0,1
908,0,1,1,1,0,1,1,1,0
909,1,0,1,0,0,1,1,1,1
910,0,0,0,0,0,0,0,0,1
911,1,0,0,1,0,0,0,0,1
912,0,1,1,0,0,1,1,0,1
91,1,1,1,1,0,1,1,0,1
913,0,1,1,0,1,1,1,1,0
916,0,0,1,1,1,1,1,0,0
917,0,0,1,1,0,1,1,0,0
918,0,1,1,1,1,1,1,1,0
919,1,0,0,1,0,0,0,0,1
920,1,0,0,0,0,0,0,0,1
922,1,0,0,0,0,1,0,0,1
923,1,0,0,1,0,0,0,0,1
9,0,1,1,0,1,1,1,1,0
925,1,0,0,0,0,0,0,0,1
927,0,0,1,1,0,1,1,0,0
928,1,1,0,1,0,1,0,0,0
929,0,1,0,0,0,1,1,1,0
930,0,1,1,1,0,1,1,1,0
931,0,1,1,1,1,1,1,0,0
93,0,1,1,0,0,1,1,1,0
936,0,1,1,1,0,1,1,1,1
939,0,0,0,0,0,0,1,0,1
940,1,0,0,1,0,1,1,0,1
941,1,0,0,0,0,1,0,0,0
943,0,0,0,1,0,0,0,0,1
949,0,1,1,0,1,1,1,0,0
951,0,1,1,0,1,1,1,1,0
953,1,1,1,0,0,1,1,0,1
955,1,1,0,0,0,0,0,0,1
956,0,1,1,1,0,1,1,1,0
959,0,0,0,1,0,1,1,0,1
963,0,1,1,1,1,1,1,1,0
964,1,0,0,1,0,0,0,0,1
96,1,0,0,1,0,1,1,0,1
966,0,1,0,1,0,1,1,1,0
967,0,1,1,1,0,1,1,0,0
968,1,0,0,1,0,0,0,0,1
969,0,0,0,1,0,0,1,0,1
972,0,1,1,0,1,1,1,1,0
974,1,1,0,1,0,1,0,0,0
976,1,0,0,1,0,1,1,0,1
980,0,1,1,1,0,1,1,0,1
981,0,0,0,1,0,0,1,0,1
982,0,0,0,1,0,0,0,0,1
985,0,1,1,1,1,1,1,0,1
988,0,1,1,0,1,1,1,1,1
989,0,1,1,1,1,1,1,1,0
99,0,1,1,0,1,1,1,1,0
991,0,1,1,1,0,1,1,1,0
993,0,0,0,1,0,0,1,0,1
997,0,0,0,0,0,0,0,0,1
998,0,1,1,0,1,1,1,1,0
999,0,1,1,0,0,1,1,1,0
